{"cameraMode":{"drawMode":0,"name":"Shaded","section":"Shading Mode"},"sceneLighting":true,"audioPlay":false,"sceneViewState":{"m_AlwaysRefresh":false,"showFog":true,"showSkybox":true,"showFlares":true,"showImageEffects":true,"showParticleSystems":true,"showVisualEffectGraphs":true,"m_FxEnabled":true},"in2DMode":false,"pivot":{"x":0.48519495129585268,"y":0.7764249444007874,"z":-0.06274199485778809},"rotation":{"x":0.0800686702132225,"y":-0.9075700044631958,"z":0.20302844047546388,"w":0.36027151346206667},"size":0.46926403045654299,"orthographic":true}